ID,Prediction
0,6209.422517241418
1,6563.081406896522
2,9062.301924137899
3,9744.326110344824
4,10101.935579310319
5,8799.74404137934
6,8596.116731034534
7,10184.797910344852
8,6439.566717241413
9,6603.541386206911
10,7259.688303448265
11,6200.247137931035
12,9137.016834482745
13,5588.293586206924
14,14553.16838620701
15,6897.082965517243
16,6710.765020689674
17,6416.3813172413975
18,7322.373068965529
19,12381.625731034435
20,6027.5274827586245
21,13630.175455172439
22,5839.683400000055
23,7486.874944827554
24,6125.046427586263
25,7101.808482758632
26,11248.906000000057
27,19446.302151724085
28,6192.64118620696
29,7897.646331034454
30,7291.487793103431
31,5856.876600000033
32,10397.696510344866
33,5689.823055172435
34,8997.272848275872
35,9231.124441379288
36,6559.611289655136
37,13818.695248275833
38,9782.917882758618
39,6418.44008965518
40,16414.16547586205
41,9237.636634482666
42,6743.423600000006
43,7460.569641379397
44,11439.889041379298
45,9772.972241379313
46,10249.561393103399
47,6471.486255172422
48,5930.602503448276
49,15906.80342758622
50,7735.767496551732
51,6830.264324137957
52,9139.387489655175
53,6936.662696551714
54,9104.459441379318
55,9322.516799999974
56,13312.42247586212
57,8795.201668965456
58,10445.13394482759
59,5592.316496551719
60,5609.15857241382
61,10272.671868965554
62,6355.972820689652
63,6952.397131034485
64,18903.87646896555
65,15252.061703448331
66,6679.867
67,6952.397131034485
68,14271.43911724129
69,6653.169537931052
70,6817.5138689655205
71,11179.906255172415
72,6939.738758620703
73,11943.575682758694
74,6830.264324137957
75,11395.800241379258
76,14278.963572413799
77,11210.754668965466
78,14553.16838620701
79,6170.538200000029
80,5856.876600000033
81,11096.117744827594
82,6701.717613793124
83,12266.904537931048
84,6471.486255172422
85,7079.648117241381
86,9019.996827586212
87,10038.433999999976
88,9139.387489655175
89,16414.16547586205
90,5339.468682758655
91,7598.438958620702
92,7470.449441379298
93,10038.433999999976
94,10010.762848275868
95,7687.859944827569
96,6945.795110344864
97,7322.373068965529
98,8799.74404137934
99,7513.726682758615
100,13022.051206896522
101,9231.124441379288
102,9108.580675862053
103,11095.770055172363
104,8726.975296551725
105,9187.003882758663
106,5592.316496551719
107,10628.498034482745
108,4550.918979310361
109,6149.292317241379
110,8097.116324137952
111,5174.727717241467
112,5202.4303517241515
113,7312.253772413801
114,6251.4669448276145
115,9768.277213793137
116,8705.065793103444
117,11683.235303448235
118,9232.396144827555
119,7723.33776551723
120,12617.857855172368
121,4785.145958620704
122,12768.778951724158
123,8855.77386896552
124,7683.813993103473
125,7894.498482758622
126,6331.889558620706
127,7322.373068965529
128,8754.686848275862
129,6418.864193103479
130,11349.201979310368
131,7789.148965517272
132,6559.611289655136
133,10604.411731034546
134,5141.913903448287
135,5605.3284275862325
136,11589.422848275872
137,5839.683400000055
138,8726.975296551725
139,5609.15857241382
140,7256.447855172386
141,6952.397131034485
142,13901.89805517238
143,6897.082965517243
144,9901.174351724132
145,5009.582537931046
146,10538.152103448301
147,11329.941427586198
148,5615.35362758624
149,6348.636841379339
150,6062.280951724145
151,7249.283331034452
152,7760.110089655158
153,8646.666634482723
154,14284.343834482755
155,11216.625537931006
156,13297.278724137957
157,6256.141800000009
158,7361.921572413803
159,19890.568889655216
160,8140.189441379301
161,7093.646910344851
162,6031.248137931085
163,6952.397131034485
164,7815.143806896532
165,16538.553282758738
166,19808.79804827591
167,6817.5138689655205
168,6559.611289655136
169,13630.175455172439
170,10724.561468965583
171,7101.808482758632
172,13001.921882758601
173,6912.908744827586
174,9888.73334482754
175,7723.33776551723
176,6038.384475862103
177,5590.698462068948
178,10012.15753103446
179,7352.329696551729
180,6031.8805586207145
181,16486.473055172508
182,8084.813965517227
183,5251.608475862089
184,11259.162510344788
185,7866.9899862069005
186,6192.64118620696
187,7513.726682758615
188,5352.611137931065
189,6362.888006896575
190,6192.64118620696
191,8247.651234482802
192,11454.642303448225
193,15858.615344827527
194,16333.21639999992
195,5839.683400000055
196,10555.329241379286
197,7456.398331034502
198,9138.564565517237
199,9231.124441379288
200,7513.726682758615
201,7949.4508275862145
202,7322.373068965529
203,5288.599344827592
204,8494.979855172396
205,9062.301924137899
206,10184.575848275881
207,7971.643551724109
208,9269.429634482747
209,5757.552255172441
210,10038.433999999976
211,8388.0204965517
212,6743.423600000006
213,9171.327910344846
214,7708.566158620688
215,7894.498482758622
216,9432.171620689634
217,6506.814241379325
218,6454.840310344832
219,5922.890717241405
220,14223.31875172422
221,5103.68660689657
222,8441.166944827544
223,8732.085110344808
224,10869.1169310346
225,6936.662696551714
226,18843.540682758714
227,6209.422517241418
228,9139.387489655175
229,5383.456041379328
230,11823.443503448278
231,15340.524413793071
232,6939.738758620703
233,10026.408062068998
234,11791.310303448236
235,7701.305131034487
236,6471.486255172422
237,7815.143806896532
238,11683.235303448235
239,7775.413758620692
240,8569.022158620624
241,10959.113137930975
242,8029.259489655127
243,6817.5138689655205
244,6817.5138689655205
245,7906.264827586182
246,7746.316793103446
247,9589.906655172446
248,10038.433999999976
249,7407.167951724149
250,7949.340551724127
251,6331.889558620706
252,8589.12148275864
253,9906.24359310346
254,6805.974896551749
255,7312.253772413801
256,9219.6778
257,10026.408062068998
258,6873.57569655172
259,8024.837737931056
260,7971.643551724109
261,12596.794344827558
262,7259.688303448265
263,7291.487793103431
264,11757.836558620593
265,7905.845110344788
266,8326.2915448276
267,13297.278724137957
268,6873.57569655172
269,10280.01080689656
270,9353.499937931027
271,6416.3813172413975
272,9913.865758620652
273,7394.573124137925
274,11604.723055172313
275,6939.738758620703
276,9020.032482758566
277,8606.703648275898
278,6277.730082758673
279,6896.334868965528
280,11439.889041379298
281,5878.476393103478
282,7637.485737931012
283,7640.160137931047
284,16618.120379310218
285,10628.498034482745
286,9782.917882758618
287,7394.573124137925
288,7414.337565517255
289,7093.646910344851
290,9125.61109655173
291,6209.422517241418
292,5573.515855172365
293,5839.683400000055
294,9283.5286620689
295,11575.450268965495
296,6952.397131034485
297,5903.613351724138
298,9487.773337931065
299,11575.450268965495
300,10445.13394482759
301,8080.710758620686
302,9901.174351724132
303,8309.015551724167
304,5615.35362758624
305,7708.566158620688
306,12083.039303448244
307,6170.538200000029
308,6739.288765517241
309,7361.921572413803
310,9199.353675862125
311,9159.48317931037
312,8320.425268965451
313,7723.33776551723
314,7775.413758620692
315,15679.526220689704
316,6324.11831034485
317,6559.611289655136
318,9171.327910344846
319,5778.64145517242
320,9888.73334482754
321,4718.825475862051
322,6513.61257241377
323,6676.661289655177
324,7894.498482758622
325,5959.861344827616
326,9171.327910344846
327,5609.15857241382
328,17226.04120689656
329,8829.504510344761
330,11791.310303448236
331,11248.906000000057
332,7913.707668965518
333,7386.672462068949
334,5815.583848275902
335,8795.201668965456
336,10065.650406896555
337,7909.159668965518
338,8029.259489655127
339,16333.21639999992
340,7312.253772413801
341,6125.046427586263
342,6939.738758620703
343,8726.975296551725
344,6285.76864137932
345,7233.501820689669
346,6957.904296551729
347,11259.162510344788
348,7686.432772413796
349,13957.644558620837
350,10691.180220689655
351,6411.77653103452
352,7026.9771862068865
353,16453.34557931045
354,14278.963572413799
355,17052.781096551633
356,6676.661289655177
357,11512.357027586257
358,6593.846255172452
359,7457.216082758648
360,6418.44008965518
361,10065.650406896555
362,6241.130655172449
363,7513.726682758615
364,17402.608827586297
365,11892.029875862037
366,6608.515544827655
367,6209.422517241418
368,10280.01080689656
369,7699.362386206851
370,9360.264517241305
371,7949.4508275862145
372,9020.032482758566
373,8656.601068965634
374,6939.738758620703
375,10445.13394482759
376,5757.552255172441
377,7949.4508275862145
378,11349.201979310368
379,19808.79804827591
380,10753.579489655176
381,12167.393765517278
382,11231.179151724122
383,6559.611289655136
384,10101.935579310319
385,13630.175455172439
386,6406.080903448301
387,11210.754668965466
388,9942.405944827615
389,10691.180220689655
390,6912.908744827586
391,6170.538200000029
392,9480.339013793147
393,10390.32178620691
394,7209.170813793074
395,12285.529993103411
396,6743.423600000006
397,10754.520537931125
398,11210.754668965466
399,11316.831255172398
400,9138.256910344844
401,6418.864193103479
402,13022.051206896522
403,17142.3882344829
404,11957.628668965486
405,6149.292317241379
406,10639.864986206945
407,9077.071179310351
408,16453.34557931045
409,9012.790075862093
410,8185.762489655161
411,9180.867786206913
412,5251.608475862089
413,7243.672075862062
414,10038.433999999976
415,9269.429634482747
416,9662.943227586222
417,10507.727717241412
418,8627.888186206872
419,6912.908744827586
420,7815.143806896532
421,10115.770441379298
422,14963.898924138011
423,6632.16442758622
424,7746.316793103446
425,9028.191248275853
426,6200.247137931035
427,5815.583848275902
428,4770.85013103448
429,5953.59151724141
430,17025.733082758536
431,9480.339013793147
432,11830.463937931057
433,10178.022186206868
434,12245.830875862091
435,10764.851379310368
436,6143.558848275896
437,7415.011731034511
438,7938.389489655134
439,9108.580675862053
440,7908.502986206919
441,7256.447855172386
442,17902.197262069007
443,11590.640965517248
444,11242.253144827675
445,5922.890717241405
446,10538.152103448301
447,7683.813993103473
448,6439.566717241413
449,8803.893717241366
450,5427.548600000011
451,10507.727717241412
452,6805.974896551749
453,8009.280220689586
454,8924.376358620659
455,6896.786275862106
456,11167.649724137997
457,9772.972241379313
458,9480.339013793147
459,5779.728917241402
460,7026.9771862068865
461,7264.983468965589
462,10445.13394482759
463,10010.762848275868
464,17226.04120689656
465,13855.188337931027
466,6471.486255172422
467,5592.316496551719
468,6653.169537931052
469,9283.5286620689
470,6418.44008965518
471,8127.472034482715
472,8333.130772413753
473,7322.373068965529
474,9138.564565517237
475,6513.61257241377
476,9851.387358620686
477,7414.337565517255
478,5527.36103448278
479,9138.564565517237
480,8627.888186206872
481,5720.271862068983
482,7686.432772413796
483,6559.611289655136
484,12617.857855172368
485,5857.891351724181
486,7908.502986206919
487,10959.113137930975
488,6824.112186206907
489,9667.974524137911
490,6824.112186206907
491,10918.803365517168
492,5528.491351724086
493,5737.59701379313
494,5839.683400000055
495,12754.846110344835
496,6027.5274827586245
497,14330.054151724173
498,8538.210282758593
499,7386.672462068949
500,9772.972241379313
501,6722.34562068968
502,11512.357027586257
503,8924.376358620659
504,8692.422144827606
505,5856.876600000033
506,10449.016268965426
507,10038.433999999976
508,12922.153255172372
509,9219.6778
510,5973.6140068965715
511,5903.613351724138
512,13818.695248275833
513,10291.274131034446
514,8627.888186206872
515,5856.876600000033
516,12596.794344827558
517,7322.373068965529
518,9576.896675862072
519,17025.733082758536
520,7723.33776551723
521,9725.779648275819
522,7894.498482758622
523,10507.727717241412
524,6591.918234482803
525,6855.816434482738
526,5922.890717241405
527,11590.640965517248
528,5668.792262068975
529,15800.91214482772
530,9675.392993103429
531,13718.414448275824
532,6207.353289655242
533,9072.3746758621
534,6593.846255172452
535,9077.071179310351
536,6676.661289655177
537,7642.890786206914
538,21574.636634482864
539,10724.561468965583
540,6957.904296551729
541,6632.16442758622
542,9287.017427586117
543,8606.703648275898
544,9480.339013793147
545,6331.889558620706
546,6031.248137931085
547,6912.908744827586
548,8073.253972413722
549,6183.798482758647
550,9207.126682758588
551,15227.976406896694
552,5615.675793103437
553,10739.15385517236
554,6534.222110344844
555,8342.302537931066
556,6062.280951724145
557,7928.297544827546
558,8889.742834482759
559,6416.3813172413975
560,8648.803379310299
561,7384.69595862071
562,11826.942848275965
563,9432.171620689634
564,12768.778951724158
565,8233.157262068964
566,9316.454393103428
567,9138.256910344844
568,13718.414448275824
569,8627.888186206872
570,11070.58521379309
571,9359.914262068998
572,8343.71022758624
573,5191.761579310354
574,8795.201668965456
575,9480.339013793147
576,9019.996827586212
577,8817.123206896596
578,9484.104510344816
579,7755.037586206893
580,6912.908744827586
581,12381.625731034435
582,9901.174351724132
583,8540.504593103466
584,10485.601986206848
585,14770.427524137944
586,10252.762951724162
587,10278.194310344785
588,10724.561468965583
589,8799.74404137934
590,7627.112275862054
591,7233.501820689669
592,8187.059448275843
593,8534.313524137879
594,6805.974896551749
595,8296.97376551724
596,8867.027200000019
597,12724.770668965444
598,8800.9103655172
599,10332.896041379263
600,6651.566151724174
601,5839.683400000055
602,19062.029524137975
603,7485.824262068933
604,7513.726682758615
605,9012.790075862093
606,5779.728917241402
607,6710.765020689674
608,9019.996827586212
609,11907.82139310348
610,8127.472034482715
611,6968.667758620686
612,11096.117744827594
613,9460.456565517226
614,8345.964496551713
615,6676.661289655177
616,8322.837979310374
617,7394.573124137925
618,14271.43911724129
619,6988.740351724137
620,11266.606179310413
621,9782.917882758618
622,6258.450855172451
623,12648.219813793068
624,7537.214289655186
625,8726.975296551725
626,10249.561393103399
627,16545.46404827602
628,10272.671868965554
629,6062.280951724145
630,10278.194310344785
631,8867.027200000019
632,7866.9899862069005
633,8534.313524137879
634,4827.311324137916
635,11696.49952413787
636,5061.006737931031
637,11349.201979310368
638,6912.908744827586
639,7394.573124137925
640,11227.997406896537
641,9180.867786206913
642,6939.738758620703
643,9224.790841379261
644,6817.5138689655205
645,13001.921882758601
646,4785.145958620704
647,25279.06470344817
648,8803.893717241366
649,17333.49648275859
650,5973.6140068965715
651,14278.963572413799
652,6027.5274827586245
653,7309.5647724138225
654,6319.679193103434
655,15761.89911034476
656,10618.916834482785
657,21859.084413793113
658,9432.171620689634
659,7640.160137931047
660,9231.124441379288
661,8726.975296551725
662,8783.585303448246
663,11757.836558620593
664,6513.61257241377
665,12039.59099310346
666,7513.726682758615
667,6440.313489655155
668,8273.847800000047
669,6506.814241379325
670,14993.401089655084
671,15710.270958620717
672,8732.085110344808
673,10724.561468965583
674,6457.886468965577
675,6912.908744827586
676,6038.910751724166
677,8795.201668965456
678,6062.280951724145
679,8705.065793103444
680,6447.905841379324
681,7908.502986206919
682,6701.717613793124
683,7291.487793103431
684,12064.35055862068
685,7735.767496551732
686,7984.686593103457
687,6062.280951724145
688,9432.171620689634
689,12765.455655172382
690,10065.650406896555
691,16957.96404827584
692,6563.081406896522
693,8223.261524138008
694,5609.15857241382
695,13630.175455172439
696,7291.487793103431
697,2178.934475862086
698,5857.891351724181
699,7513.726682758615
700,6957.904296551729
701,6471.486255172422
702,9224.790841379261
703,6447.736165517256
704,6192.64118620696
705,5876.832910344876
706,6186.075924137941
707,8117.761648275846
708,7026.9771862068865
709,16064.641082758702
710,11454.642303448225
711,10498.693186206916
712,8117.761648275846
713,5349.260675862025
714,7746.316793103446
715,6565.445213793089
716,10010.762848275868
717,15252.061703448331
718,11113.814289655173
719,13447.389082758607
720,12031.948868965526
721,11016.98817241381
722,6241.130655172449
723,6600.123662068923
724,10952.487951724159
725,7249.283331034452
726,5247.723213793108
727,11019.981020689625
728,7148.165351724135
729,5840.982068965511
730,17226.04120689656
731,8578.32755862071
732,9999.677317241423
733,4803.298565517227
734,5815.910751724186
735,10882.072324137971
736,16514.01836551726
737,14533.347855172458
738,5735.29866206896
739,13897.393041379284
740,8627.888186206872
741,7243.672075862062
742,10724.561468965583
743,12485.98428275866
744,5688.13140000003
745,6559.611289655136
746,6939.738758620703
747,9744.326110344824
748,5781.851393103426
749,9477.454799999989
750,12596.794344827558
751,9180.867786206913
752,8071.690351724185
753,7394.573124137925
754,6023.204731034485
755,6649.411800000001
756,11823.443503448278
757,8214.933448275873
758,6354.893358620693
759,11503.398489655245
760,4807.506655172407
761,8185.762489655161
762,6331.889558620706
763,10184.575848275881
764,10952.487951724159
765,7406.872213793119
766,9012.790075862093
767,9219.6778
768,5786.5670758620945
769,5839.683400000055
770,12031.948868965526
771,7640.160137931047
772,7485.824262068933
773,16545.46404827602
774,11294.256682758687
775,7470.449441379298
776,6614.47862068969
777,6354.893358620693
778,6762.183365517236
779,9878.728358620669
780,7897.646331034454
781,5981.1143655172455
782,9231.124441379288
783,6653.169537931052
784,5567.268103448309
785,6679.867
786,11259.162510344788
787,13897.393041379284
788,6331.889558620706
789,4924.5885034482635
790,6125.046427586263
791,12795.393972413782
792,6710.765020689674
793,6170.538200000029
794,9599.722972413752
795,13030.084937931068
796,7414.337565517255
797,11183.78307586212
798,6939.738758620703
799,6258.450855172451
800,15061.881503448287
801,6912.908744827586
802,7766.764379310329
803,10390.32178620691
804,9028.191248275853
805,6680.797234482768
806,9035.062468965483
807,11095.770055172363
808,5103.68660689657
809,7938.389489655134
810,6188.2719172414045
811,5831.220213793112
812,10169.47861379315
813,10999.775158620749
814,5589.8380206896645
815,5191.761579310354
816,11530.212641379365
817,9019.996827586212
818,5878.476393103478
819,15629.914862068968
820,5407.136600000035
821,17226.04120689656
822,12428.709268965598
823,7456.398331034502
824,7949.4508275862145
825,7406.872213793119
826,6881.1825103448355
827,7322.373068965529
828,6830.264324137957
829,5839.683400000055
830,6471.486255172422
831,7846.786668965476
832,7640.160137931047
833,7640.160137931047
834,7815.143806896532
835,16414.16547586205
836,10101.935579310319
837,5878.476393103478
838,6912.908744827586
839,6680.797234482768
840,8803.893717241366
841,6824.112186206907
842,7259.688303448265
843,11680.615103448265
844,7291.487793103431
845,9480.339013793147
846,9772.972241379313
847,9906.24359310346
848,7291.487793103431
849,7661.449579310348
850,7627.112275862054
851,7723.33776551723
852,6324.11831034485
853,6952.397131034485
854,13879.79128965517
855,9062.301924137899
856,7686.432772413796
857,11216.625537931006
858,9917.165903448305
859,6440.313489655155
860,9108.580675862053
861,8596.116731034534
862,6406.080903448301
863,19096.066662069134
864,11539.350227586157
865,9487.773337931065
866,6284.172055172431
867,7755.037586206893
868,9878.728358620669
869,6632.16442758622
870,7723.33776551723
871,6743.423600000006
872,8345.964496551713
873,7386.672462068949
874,8883.421351724115
875,12768.778951724158
876,8080.710758620686
877,9231.124441379288
878,8605.388724137958
879,10117.250386206882
880,7627.112275862054
881,21745.627206896395
882,7866.9899862069005
883,6331.889558620706
884,7244.1640551724295
885,7291.487793103431
886,6323.720358620691
887,6730.50526896551
888,6559.611289655136
889,11316.831255172398
890,7789.148965517272
891,14271.43911724129
892,7835.529958620704
893,7456.398331034502
894,10284.56157241381
895,10115.770441379298
896,9028.191248275853
897,12485.98428275866
898,8924.376358620659
899,11405.849441379314
900,6679.867
901,5229.31417931037
902,10076.425531034543
903,6454.452027586205
904,7513.726682758615
905,6348.636841379339
906,10169.47861379315
907,6559.611289655136
908,5922.890717241405
909,9232.396144827555
910,10249.561393103399
911,7384.69595862071
912,6170.538200000029
913,6912.908744827586
914,6031.8805586207145
915,7322.373068965529
916,6805.974896551749
917,6478.537558620717
918,5839.683400000055
919,6688.062717241388
920,14363.781855172405
921,9460.456565517226
922,10284.56157241381
923,6554.3723931034565
924,7795.168634482735
925,10449.016268965426
926,9219.6778
927,16618.120379310218
928,6207.353289655242
929,7906.264827586182
930,6256.141800000009
931,9432.171620689634
932,6557.454027586189
933,14271.43911724129
934,19077.182917241345
935,10753.579489655176
936,15028.482682758575
937,9484.104510344816
938,10696.81537931028
939,6304.987696551701
940,7485.824262068933
941,7233.501820689669
942,6303.304606896531
943,14154.799944827595
944,5878.476393103478
945,5857.891351724181
946,6209.422517241418
947,6730.50526896551
948,6335.973048275885
949,6416.3813172413975
950,9653.98259999999
951,8834.091662068917
952,14223.932365517432
953,9077.071179310351
954,12754.846110344835
955,13630.175455172439
956,9137.016834482745
957,15112.430779310385
958,6038.910751724166
959,5615.35362758624
960,5973.6140068965715
961,6897.082965517243
962,6679.867
963,9026.86490344824
964,16414.16547586205
965,9679.803351724097
966,9999.677317241423
967,11238.069103448299
968,8233.436158620669
969,8047.255875862139
970,6418.44008965518
971,7945.672655172428
972,6679.867
973,7908.502986206919
974,8127.302200000038
975,9077.071179310351
976,14920.504075862067
977,6688.062717241388
978,10010.762848275868
979,19560.652579310256
980,10390.32178620691
981,6817.5138689655205
982,7361.921572413803
983,7079.648117241381
984,8997.272848275872
985,14271.43911724129
986,7723.33776551723
987,7322.373068965529
988,6824.112186206907
989,7908.502986206919
990,6209.422517241418
991,10316.509324137876
992,10708.601993103439
993,6939.738758620703
994,8380.666193103441
995,7485.824262068933
996,9020.032482758566
997,9351.390510344798
998,12649.441089655194
999,4791.740475862001
1000,22133.567234482867
1001,4770.85013103448
1002,8449.7850137931
1003,7971.643551724109
1004,10016.357986206964
1005,6062.280951724145
1006,6939.738758620703
1007,12760.564358620659
1008,7894.498482758622
1009,9589.906655172446
1010,8080.710758620686
1011,18903.87646896555
1012,7665.297813793083
1013,12068.831468965505
1014,8795.201668965456
1015,5605.3284275862325
1016,8648.647924137927
1017,9435.309475862048
1018,13901.89805517238
1019,9140.691951724108
1020,8421.819344827596
1021,6653.169537931052
1022,9359.914262068998
1023,5263.902186206902
1024,6952.397131034485
1025,10532.875648275869
1026,6147.805696551754
1027,7807.038496551736
1028,6062.280951724145
1029,5754.387751724201
1030,6209.422517241418
1031,5922.890717241405
1032,11512.357027586257
1033,8136.945144827639
1034,16414.16547586205
1035,7949.4508275862145
1036,6418.864193103479
1037,10206.526206896438
1038,7124.204903448272
1039,9498.780420689687
1040,7640.160137931047
1041,9019.996827586212
1042,6939.738758620703
1043,9250.86246206887
1044,6710.765020689674
1045,6439.566717241413
1046,11503.398489655245
1047,5815.910751724186
1048,8627.888186206872
1049,7233.501820689669
1050,6439.566717241413
1051,22133.567234482867
1052,9138.564565517237
1053,7209.170813793074
1054,7894.498482758622
1055,6200.247137931035
1056,11349.201979310368
1057,7640.160137931047
1058,5668.792262068975
1059,11590.640965517248
1060,12485.98428275866
1061,17310.21924827574
1062,14247.674324137915
1063,5878.476393103478
1064,6957.904296551729
1065,9138.564565517237
1066,6591.918234482803
1067,10618.916834482785
1068,8534.313524137879
1069,11259.162510344788
1070,6957.904296551729
1071,16414.16547586205
1072,5771.599717241392
1073,9353.499937931027
1074,6599.002731034474
1075,6817.5138689655205
1076,9159.48317931037
1077,6354.893358620693
1078,12790.473089655188
1079,5750.178062069017
1080,6209.422517241418
1081,8648.803379310299
1082,10628.498034482745
1083,5922.890717241405
1084,8073.253972413722
1085,14972.241055172508
1086,15565.763537930918
1087,11019.981020689625
1088,6559.611289655136
1089,13630.175455172439
1090,6559.611289655136
1091,6897.082965517243
1092,5720.271862068983
1093,7708.566158620688
1094,9179.875062068926
1095,5839.683400000055
1096,8697.003627586242
1097,4803.298565517227
1098,6253.6798344827985
1099,8117.761648275846
1100,6170.538200000029
1101,6897.082965517243
1102,6348.636841379339
1103,10222.191275862091
1104,5383.456041379328
1105,10115.770441379298
1106,9171.327910344846
1107,6897.082965517243
1108,5922.890717241405
1109,7249.283331034452
1110,7005.007324137865
1111,9934.185524137914
1112,15478.469172413761
1113,11892.029875862037
1114,9908.98347586207
1115,16295.894627586127
1116,6563.081406896522
1117,9948.408786206888
1118,10390.32178620691
1119,11453.565041379377
1120,7909.159668965518
1121,6554.3723931034565
1122,5229.31417931037
1123,9351.390510344798
1124,7513.726682758615
1125,4827.311324137916
1126,8726.975296551725
1127,15922.313386206919
1128,7243.672075862062
1129,6200.247137931035
1130,10026.408062068998
1131,5854.077206896538
1132,7322.373068965529
1133,7093.646910344851
1134,10073.497572413757
1135,8762.233241379325
1136,7026.9771862068865
1137,19077.182917241345
1138,7291.487793103431
1139,7775.413758620692
1140,11398.615572413759
1141,7949.4508275862145
1142,6751.438034482755
1143,6062.280951724145
1144,10414.592924138025
1145,6447.905841379324
1146,6952.397131034485
1147,10249.561393103399
1148,6679.867
1149,9111.181779310356
1150,11210.754668965466
1151,7384.69595862071
1152,9477.454799999989
1153,9180.867786206913
1154,9675.392993103429
1155,9838.623820689616
1156,7640.160137931047
1157,7513.726682758615
1158,9649.136379310334
1159,7206.804117241367
1160,6406.080903448301
1161,7894.498482758622
1162,6416.3813172413975
1163,8490.941089655154
1164,5103.68660689657
1165,11096.117744827594
1166,8782.192586206917
1167,5839.683400000055
1168,7535.524427586295
1169,11512.357027586257
1170,9012.790075862093
1171,6439.566717241413
1172,12727.716144827591
1173,8280.383365517297
1174,9028.191248275853
1175,7746.316793103446
1176,8333.130772413753
1177,17226.04120689656
1178,6912.908744827586
1179,7322.373068965529
1180,11242.253144827675
1181,10706.96654482762
1182,6680.797234482768
1183,5588.293586206924
1184,8682.945227586166
1185,7699.362386206851
1186,8333.130772413753
1187,6701.717613793124
1188,6393.365448275847
1189,6439.566717241413
1190,6912.908744827586
1191,8024.837737931056
1192,10964.03970344829
1193,11590.640965517248
1194,7984.686593103457
1195,6931.628724137966
1196,8002.66236551723
1197,10115.770441379298
1198,6258.450855172451
1199,12727.716144827591
1200,6319.679193103434
1201,6062.280951724145
1202,8578.32755862071
1203,7386.672462068949
1204,12790.473089655188
1205,9139.387489655175
1206,15078.893393103337
1207,6611.071772413814
1208,5609.15857241382
1209,6209.422517241418
1210,11216.625537931006
1211,6241.130655172449
1212,11179.906255172415
1213,8099.582717241383
1214,5120.877641379277
1215,8273.31016551721
1216,8752.697489655195
1217,8404.338468965545
1218,5839.683400000055
1219,8578.32755862071
1220,6170.538200000029
1221,5779.728917241402
1222,5565.891475862055
1223,8895.974213793106
1224,9012.790075862093
1225,6303.304606896531
1226,7908.502986206919
1227,6805.974896551749
1228,7936.243434482697
1229,6054.825158620749
1230,10038.433999999976
1231,11248.906000000057
1232,6258.450855172451
1233,12485.98428275866
1234,7470.449441379298
1235,13297.278724137957
1236,6722.34562068968
1237,10517.233779310378
1238,9484.104510344816
1239,8596.116731034534
1240,8230.606620689703
1241,5878.476393103478
1242,6038.384475862103
1243,5979.535820689582
1244,16445.947731034572
1245,7897.646331034454
1246,11227.997406896537
1247,11861.852668965452
1248,12617.857855172368
1249,9125.61109655173
1250,6180.20814482764
1251,6331.889558620706
1252,9139.387489655175
1253,6454.452027586205
1254,7309.5647724138225
1255,6701.717613793124
1256,5839.683400000055
1257,10507.727717241412
1258,15629.914862068968
1259,6936.662696551714
1260,7928.297544827546
1261,7708.566158620688
1262,8140.189441379301
1263,7938.389489655134
1264,9180.867786206913
1265,7209.170813793074
1266,11167.649724137997
1267,12474.688344827606
1268,7897.646331034454
1269,11454.642303448225
1270,10010.762848275868
1271,11259.162510344788
1272,8889.742834482759
1273,6253.6798344827985
1274,7249.283331034452
1275,8299.1057793103
1276,5973.6140068965715
1277,6743.423600000006
1278,10445.13394482759
1279,6534.222110344844
1280,7627.112275862054
1281,12843.373468965467
1282,5860.425241379344
1283,20471.068055172338
1284,7079.648117241381
1285,10974.537841379282
1286,8855.77386896552
1287,9278.522917241367
1288,10284.56157241381
1289,6881.1825103448355
1290,6584.517875862117
1291,8627.888186206872
1292,5484.272924137912
1293,14758.504889655173
1294,8646.666634482723
1295,10038.433999999976
1296,13630.175455172439
1297,7389.526468965537
1298,7537.214289655186
1299,10638.432551724165
1300,6897.082965517243
1301,11454.642303448225
1302,9353.499937931027
1303,5369.204131034442
1304,9219.6778
1305,8883.421351724115
1306,7415.011731034511
1307,6931.628724137966
1308,7259.688303448265
1309,6912.908744827586
1310,4362.216510344866
1311,5854.077206896538
1312,11329.941427586198
1313,6892.361103448238
1314,9020.032482758566
1315,6593.846255172452
1316,5614.706537931022
1317,13987.415193103549
1318,8117.761648275846
1319,10959.113137930975
1320,6331.889558620706
1321,7640.160137931047
1322,15565.763537930918
1323,6957.904296551729
1324,11227.997406896537
1325,14223.31875172422
1326,10010.762848275868
1327,6817.5138689655205
1328,24203.03787586228
1329,6331.889558620706
1330,10116.543641379425
1331,6554.3723931034565
1332,15292.471268965612
1333,11316.831255172398
1334,8596.116731034534
1335,5878.476393103478
1336,14247.674324137915
1337,13210.259096551725
1338,7101.808482758632
1339,11167.649724137997
1340,5571.121744827525
1341,7079.648117241381
1342,10959.113137930975
1343,8140.189441379301
1344,8732.085110344808
1345,11259.162510344788
1346,7151.4069448275795
1347,11650.6344551725
1348,4770.85013103448
1349,7949.340551724127
1350,13447.389082758607
1351,8345.964496551713
1352,14223.31875172422
1353,13718.414448275824
1354,8799.74404137934
1355,8140.189441379301
1356,7361.921572413803
1357,4652.7918965517365
1358,12429.63446206903
1359,10724.561468965583
1360,11159.818510344758
1361,14067.099855172444
1362,7723.33776551723
1363,7206.889820689645
1364,6355.268448275917
1365,8140.189441379301
1366,5991.568462068984
1367,7640.160137931047
1368,6062.280951724145
1369,12648.219813793068
1370,8392.936317241381
1371,9662.943227586222
1372,8071.690351724185
1373,5327.618399999984
1374,10038.433999999976
1375,5973.6140068965715
1376,12563.764613793093
1377,5757.552255172441
1378,9888.73334482754
1379,7513.726682758615
1380,10161.037262069032
1381,6805.974896551749
1382,7259.688303448265
1383,12630.217089655183
1384,7206.804117241367
1385,6679.867
1386,8388.0204965517
1387,15906.80342758622
1388,9906.24359310346
1389,5615.35362758624
1390,11216.625537931006
1391,17174.912372413906
1392,8589.12148275864
1393,6454.452027586205
1394,8924.376358620659
1395,7361.921572413803
1396,7723.33776551723
1397,5191.761579310354
1398,5737.59701379313
1399,6896.334868965528
1400,6939.738758620703
1401,7148.165351724135
1402,11775.145317241439
1403,6418.44008965518
1404,8795.201668965456
1405,9480.339013793147
1406,9782.917882758618
1407,7708.566158620688
1408,6186.075924137941
1409,6817.5138689655205
1410,8280.383365517297
1411,7249.283331034452
1412,6192.64118620696
1413,6580.954027586211
1414,13447.389082758607
1415,11159.818510344758
1416,8140.189441379301
1417,12365.200986206868
1418,7249.283331034452
1419,7908.502986206919
1420,11907.82139310348
1421,25279.06470344817
1422,6031.8805586207145
1423,12727.716144827591
1424,7627.112275862054
1425,5786.5670758620945
1426,7640.160137931047
1427,13897.393041379284
1428,13630.175455172439
1429,7949.340551724127
1430,10445.13394482759
1431,8627.888186206872
1432,6335.973048275885
1433,7406.872213793119
1434,5904.012903448234
1435,6506.814241379325
1436,8799.74404137934
1437,8803.893717241366
1438,8449.7850137931
1439,10947.510703448239
1440,8449.7850137931
1441,7723.33776551723
1442,11683.235303448235
1443,6703.095448275891
1444,10414.592924138025
1445,10945.235199999996
1446,14030.972110344796
1447,5839.683400000055
1448,7048.252165517238
1449,17226.04120689656
1450,12039.59099310346
1451,14278.963572413799
1452,8043.2992413793045
1453,9901.174351724132
1454,9487.773337931065
1455,6614.47862068969
1456,8134.754882758725
1457,9019.996827586212
1458,7866.9899862069005
1459,7151.4069448275795
1460,7456.398331034502
1461,5609.15857241382
1462,9768.277213793137
1463,7243.672075862062
1464,9219.6778
1465,5786.5670758620945
1466,7291.487793103431
1467,7406.872213793119
1468,6762.183365517236
1469,8997.272848275872
1470,6957.904296551729
1471,7775.413758620692
1472,20975.46564137949
1473,8309.015551724167
1474,7665.297813793083
1475,16137.972268965636
1476,6824.112186206907
1477,11179.906255172415
1478,14972.241055172508
1479,6416.3813172413975
1480,5383.456041379328
1481,6513.61257241377
1482,7513.726682758615
1483,14234.18265517238
1484,15651.55906896553
1485,6805.974896551749
1486,17758.435365517293
1487,4827.311324137916
1488,6991.435537931038
1489,8596.116731034534
1490,6418.864193103479
1491,9180.867786206913
1492,7101.808482758632
1493,6957.904296551729
1494,6471.486255172422
1495,9269.429634482747
1496,7291.487793103431
1497,6149.292317241379
1498,9231.124441379288
1499,8924.376358620659
1500,13630.175455172439
1501,11469.153551724137
1502,9019.996827586212
1503,8490.941089655154
1504,11675.107068965419
1505,9662.943227586222
1506,6688.062717241388
1507,6608.821289655167
1508,7949.4508275862145
1509,7539.2169103448605
1510,6817.5138689655205
1511,8048.155531034504
1512,13447.389082758607
1513,5924.420275862111
1514,8855.77386896552
1515,7233.501820689669
1516,13818.695248275833
1517,6038.384475862103
1518,8449.7850137931
1519,11683.235303448235
1520,6186.075924137941
1521,9012.790075862093
1522,13897.393041379284
1523,9062.301924137899
1524,8155.07174482751
1525,7124.204903448272
1526,7894.498482758622
1527,14278.963572413799
1528,7233.501820689669
1529,12574.77112413791
1530,8924.376358620659
1531,8726.975296551725
1532,13447.389082758607
1533,15629.914862068968
1534,5815.583848275902
1535,7148.165351724135
1536,8885.949041379241
1537,7928.297544827546
1538,8596.116731034534
1539,5757.552255172441
1540,8581.108289655172
1541,7882.984979310403
1542,8247.651234482802
1543,6258.450855172451
1544,7190.2853655172485
1545,6471.486255172422
1546,7938.389489655134
1547,7708.566158620688
1548,7027.624282758671
1549,8127.472034482715
1550,11907.82139310348
1551,4331.87603448274
1552,7984.686593103457
1553,8490.941089655154
1554,7964.191213793024
1555,12851.477937931115
1556,8726.975296551725
1557,8627.888186206872
1558,13630.175455172439
1559,6817.5138689655205
1560,8883.421351724115
1561,8569.022158620624
1562,6957.904296551729
1563,9662.943227586222
1564,10169.47861379315
1565,10538.152103448301
1566,7406.872213793119
1567,10764.851379310368
1568,8895.974213793106
1569,10972.314717241446
1570,4652.7918965517365
1571,8449.7850137931
1572,4638.615413793091
1573,10628.498034482745
1574,10115.770441379298
1575,9382.424468965568
1576,19163.988337931074
1577,8380.666193103441
1578,6830.264324137957
1579,6411.77653103452
1580,9020.032482758566
1581,9917.671068965472
1582,10178.022186206868
1583,8605.388724137958
1584,6722.34562068968
1585,6471.486255172422
1586,5815.910751724186
1587,12922.153255172372
1588,6125.046427586263
1589,8743.817841379308
1590,10507.727717241412
1591,7949.4508275862145
1592,7686.432772413796
1593,22137.31373793114
1594,19986.348027586246
1595,8099.582717241383
1596,6125.046427586263
1597,6891.391862068927
1598,7415.011731034511
1599,6025.307131034476
1600,16467.887779310244
1601,16452.485020689528
1602,7322.373068965529
1603,6751.858855172429
1604,6952.397131034485
1605,10390.32178620691
1606,13022.051206896522
1607,10183.816179310319
1608,15800.91214482772
1609,6710.765020689674
1610,7386.672462068949
1611,11700.792000000005
1612,6324.11831034485
1613,7361.921572413803
1614,7640.160137931047
1615,9906.24359310346
1616,6416.3813172413975
1617,10222.191275862091
1618,17226.04120689656
1619,10184.575848275881
1620,7122.666441379268
1621,9432.171620689634
1622,9432.171620689634
1623,14316.705593103396
1624,9484.104510344816
1625,9232.396144827555
1626,6632.16442758622
1627,11227.997406896537
1628,7815.143806896532
1629,5857.891351724181
1630,9108.580675862053
1631,12768.778951724158
1632,9484.104510344816
1633,7414.337565517255
1634,9139.387489655175
1635,6376.779379310363
1636,12765.455655172382
1637,11503.398489655245
1638,5615.35362758624
1639,7291.487793103431
1640,6258.450855172451
1641,10222.191275862091
1642,9276.443675862056
1643,7723.33776551723
1644,17226.04120689656
1645,7456.398331034502
1646,7249.283331034452
1647,9283.5286620689
1648,9179.875062068926
1649,9171.327910344846
1650,6023.204731034485
1651,5856.876600000033
1652,12954.031827586288
1653,6957.904296551729
1654,6418.864193103479
1655,7486.874944827554
1656,13364.508351724278
1657,9942.405944827615
1658,8627.888186206872
1659,5973.6140068965715
1660,6931.628724137966
1661,13247.419048275868
1662,11830.463937931057
1663,7708.566158620688
1664,10959.113137930975
1665,10867.505193103492
1666,7949.4508275862145
1667,6305.275703448309
1668,7795.168634482735
1669,6447.905841379324
1670,8084.813965517227
1671,10952.487951724159
1672,5878.476393103478
1673,5854.077206896538
1674,7835.529958620704
1675,7148.165351724135
1676,4926.672551724137
1677,7866.9899862069005
1678,10724.561468965583
1679,6440.731179310386
1680,7746.316793103446
1681,6471.486255172422
1682,8762.233241379325
1683,6930.312013793113
1684,5368.974572413801
1685,8855.77386896552
1686,7909.159668965518
1687,9772.972241379313
1688,9231.124441379288
1689,6256.141800000009
1690,7253.384827586143
1691,11254.266000000123
1692,6656.878510344836
1693,7653.8207103448285
1694,7928.297544827546
1695,5522.640565517225
1696,14067.099855172444
1697,6557.454027586189
1698,8538.12617241377
1699,12922.153255172372
1700,6817.5138689655205
1701,5922.890717241405
1702,10507.727717241412
1703,15062.38741379303
1704,9012.790075862093
1705,6957.904296551729
1706,7456.398331034502
1707,7322.373068965529
1708,7783.770331034484
1709,6817.5138689655205
1710,8140.189441379301
1711,5856.876600000033
1712,11461.470937931119
1713,7486.874944827554
1714,10776.242089655161
1715,7636.692799999983
1716,8296.97376551724
1717,10532.875648275869
1718,10718.532468965566
1719,6817.5138689655205
1720,11090.364648275814
1721,9662.943227586222
1722,5191.761579310354
1723,6912.908744827586
1724,7637.485737931012
1725,17226.04120689656
1726,7322.373068965529
1727,9278.522917241367
1728,9138.564565517237
1729,9019.996827586212
1730,7026.9771862068865
1731,12381.625731034435
1732,8024.837737931056
1733,10691.180220689655
1734,16409.835827586292
1735,6957.904296551729
1736,19077.182917241345
1737,6533.318062069028
1738,7485.824262068933
1739,12679.155020689692
1740,7405.319662068992
1741,9028.191248275853
1742,15906.80342758622
1743,7026.9771862068865
1744,11830.463937931057
1745,13178.822903448186
1746,7026.9771862068865
1747,7895.843386206858
1748,14681.517282758692
1749,4527.513827586211
1750,6513.61257241377
1751,6926.304524137941
1752,10647.250668965544
1753,6679.867
1754,12630.217089655183
1755,9480.339013793147
1756,11167.649724137997
1757,17455.971896551695
1758,8782.192586206917
1759,6376.779379310363
1760,6599.321531034491
1761,10184.575848275881
1762,6418.44008965518
1763,7760.110089655158
1764,9477.454799999989
1765,8309.015551724167
1766,7640.160137931047
1767,6710.765020689674
1768,8732.085110344808
1769,10016.357986206964
1770,7984.686593103457
1771,14067.099855172444
1772,9138.564565517237
1773,6062.280951724145
1774,11830.463937931057
1775,6912.908744827586
1776,7945.672655172428
1777,12630.217089655183
1778,7151.4069448275795
1779,6830.264324137957
1780,7945.672655172428
1781,11210.754668965466
1782,7746.316793103446
1783,11349.201979310368
1784,13210.259096551725
1785,6393.365448275847
1786,11426.039786206817
1787,6062.280951724145
1788,16333.21639999992
1789,20471.068055172338
1790,5229.31417931037
1791,8024.837737931056
1792,7653.8207103448285
1793,6730.50526896551
1794,6873.57569655172
1795,12424.949124137904
1796,19808.79804827591
1797,9132.391806896629
1798,6322.704993103501
1799,11512.357027586257
1800,6730.50526896551
1801,7079.648117241381
1802,9270.760489655202
1803,6447.905841379324
1804,6674.83435862069
1805,6701.717613793124
1806,7866.9899862069005
1807,5466.712689655199
1808,8991.130524137981
1809,11028.894710344908
1810,12596.794344827558
1811,7994.708158620702
1812,7766.764379310329
1813,11016.98817241381
1814,6557.454027586189
1815,9906.24359310346
1816,17052.781096551633
1817,13447.389082758607
1818,13897.747420689706
1819,6207.353289655242
1820,7312.253772413801
1821,13422.060344827565
1822,8799.74404137934
1823,9690.03360689664
1824,7415.011731034511
1825,13897.393041379284
1826,10249.561393103399
1827,6209.422517241418
1828,13422.060344827565
1829,10390.32178620691
1830,7470.449441379298
1831,7640.160137931047
1832,7249.283331034452
1833,13897.393041379284
1834,8855.77386896552
1835,6027.5274827586245
1836,12768.778951724158
1837,14473.568551724153
1838,7866.9899862069005
1839,10169.47861379315
1840,6939.738758620703
1841,5103.68660689657
1842,6563.081406896522
1843,6680.797234482768
1844,17218.93832413795
1845,8280.383365517297
1846,7908.502986206919
1847,7598.438958620702
1848,5191.761579310354
1849,5839.683400000055
1850,6447.905841379324
1851,8611.864979310385
1852,9901.174351724132
1853,5615.35362758624
1854,7233.501820689669
1855,5930.602503448276
1856,7003.445048275879
1857,7148.165351724135
1858,8449.7850137931
1859,13818.695248275833
1860,12189.617124137983
1861,5729.594986206892
1862,6284.172055172431
1863,11113.814289655173
1864,9653.98259999999
1865,5054.664613793111
1866,9782.917882758618
1867,5779.728917241402
1868,7627.112275862054
1869,9139.387489655175
1870,6563.081406896522
1871,5907.072172413828
1872,5528.491351724086
1873,6200.247137931035
1874,5418.851124137956
1875,7723.33776551723
1876,10265.776620689645
1877,5903.613351724138
1878,6303.304606896531
1879,7723.33776551723
1880,14363.781855172405
1881,7683.813993103473
1882,7897.646331034454
1883,6984.994986206907
1884,8233.157262068964
1885,6817.5138689655205
1886,10049.596855172465
1887,6142.054144827571
1888,5418.851124137956
1889,9283.5286620689
1890,7686.432772413796
1891,9139.387489655175
1892,7470.449441379298
1893,14271.43911724129
1894,6331.889558620706
1895,11259.162510344788
1896,9980.085675862083
1897,12648.219813793068
1898,7291.487793103431
1899,8140.189441379301
1900,9484.104510344816
1901,8648.803379310299
1902,6957.904296551729
1903,7485.824262068933
1904,9435.309475862048
1905,8829.504510344761
1906,5878.476393103478
1907,9187.003882758663
1908,7249.283331034452
1909,7815.143806896532
1910,6258.450855172451
1911,6355.972820689652
1912,12108.725027586243
1913,5857.891351724181
1914,11349.201979310368
1915,5800.01510344833
1916,7249.283331034452
1917,6086.840144827647
1918,6817.5138689655205
1919,11210.754668965466
1920,9725.779648275819
1921,6957.904296551729
1922,9460.456565517226
1923,5668.792262068975
1924,9851.387358620686
1925,11892.029875862037
1926,6031.8805586207145
1927,10010.762848275868
1928,20068.64752413778
1929,7322.373068965529
1930,6533.318062069028
1931,7909.159668965518
1932,7470.449441379298
1933,5668.792262068975
1934,5839.683400000055
1935,6957.904296551729
1936,12991.289889655143
1937,6618.656641379306
1938,10126.39009655164
1939,11957.628668965486
1940,10378.45286896559
1941,10628.498034482745
1942,6170.538200000029
1943,7949.340551724127
1944,14363.781855172405
1945,9888.73334482754
1946,8596.116731034534
1947,14553.16838620701
1948,15252.061703448331
1949,10992.058806896523
1950,9270.760489655202
1951,6192.64118620696
1952,8233.157262068964
1953,12039.59099310346
1954,12790.473089655188
1955,6170.538200000029
1956,14330.054151724173
1957,5383.456041379328
1958,17333.49648275859
1959,6710.765020689674
1960,13447.389082758607
1961,9432.171620689634
1962,5229.31417931037
1963,7708.566158620688
1964,13144.309468965537
1965,5786.5670758620945
1966,8380.666193103441
1967,7535.524427586295
1968,9480.339013793147
1969,5768.889289655191
1970,8073.253972413722
1971,13897.393041379284
1972,7243.672075862062
1973,17052.781096551633
1974,7683.813993103473
1975,7695.259496551653
1976,7894.498482758622
1977,5922.890717241405
1978,11112.03184137928
1979,6817.5138689655205
1980,5973.6140068965715
1981,6303.304606896531
1982,6094.116724137872
1983,5839.683400000055
1984,10278.194310344785
1985,9480.339013793147
1986,6939.738758620703
1987,10249.561393103399
1988,6418.864193103479
1989,6912.908744827586
1990,9725.779648275819
1991,9589.906655172446
1992,9035.062468965483
1993,9942.405944827615
1994,5588.293586206924
1995,4345.4892137930665
1996,7949.4508275862145
1997,8214.933448275873
1998,6722.34562068968
1999,8140.189441379301
2000,13582.177786206963
2001,6411.77653103452
2002,8772.803496551765
2003,6180.20814482764
2004,6939.738758620703
2005,6679.867
2006,7486.874944827554
2007,14436.159413793117
2008,11823.443503448278
2009,5522.640565517225
2010,7640.160137931047
2011,9768.277213793137
2012,8648.803379310299
2013,5857.891351724181
2014,7291.487793103431
2015,6805.974896551749
2016,10038.433999999976
2017,13447.389082758607
2018,6557.454027586189
2019,9999.677317241423
2020,5815.583848275902
2021,6416.3813172413975
2022,7949.4508275862145
2023,11736.400158620616
2024,6896.334868965528
2025,7783.770331034484
2026,10222.191275862091
2027,5981.1143655172455
2028,15944.642103448425
2029,8630.66317931035
2030,10246.842034482732
2031,6752.407489655206
2032,9012.790075862093
2033,10959.113137930975
2034,9828.75904827581
2035,9231.124441379288
2036,9484.104510344816
2037,10628.498034482745
2038,7909.159668965518
2039,7394.573124137925
2040,8855.77386896552
2041,9028.191248275853
2042,6912.908744827586
2043,8782.192586206917
2044,8283.77814482761
2045,6593.846255172452
2046,11278.576627586104
2047,5605.3284275862325
2048,11259.162510344788
2049,6248.95345517241
2050,8024.837737931056
2051,6207.353289655242
2052,5251.608475862089
2053,10126.39009655164
2054,8795.201668965456
2055,11683.235303448235
2056,9359.914262068998
2057,24203.03787586228
2058,11892.029875862037
2059,7835.529958620704
2060,16966.265572413875
2061,7093.646910344851
2062,5375.96680000001
2063,7815.143806896532
2064,5963.932310344798
2065,5609.15857241382
2066,12075.75293103459
2067,6503.387310344873
2068,6653.169537931052
2069,7894.498482758622
2070,6258.450855172451
2071,13692.247013793085
2072,6284.172055172431
2073,6830.264324137957
2074,8648.803379310299
2075,6149.292317241379
2076,7079.648117241381
2077,9062.301924137899
2078,7456.398331034502
2079,11272.426668965409
2080,16414.16547586205
2081,21574.636634482864
2082,6170.538200000029
2083,8889.742834482759
2084,12718.726331034362
2085,5786.5670758620945
2086,6572.365703448291
2087,14067.099855172444
2088,6284.172055172431
2089,14330.054151724173
2090,9012.790075862093
2091,7772.2910344827
2092,13002.070813793114
2093,13764.1310965517
2094,7835.529958620704
2095,6061.335931034488
2096,6676.661289655177
2097,9653.98259999999
2098,14247.674324137915
2099,8783.585303448246
2100,6406.080903448301
2101,9276.936889655117
2102,6873.57569655172
2103,5609.15857241382
2104,8024.837737931056
2105,9104.459441379318
2106,7909.159668965518
2107,14867.957510344735
2108,15906.80342758622
2109,5352.611137931065
2110,10169.47861379315
2111,10691.180220689655
2112,7361.921572413803
2113,15134.97817241382
2114,6331.889558620706
2115,6027.5274827586245
2116,6710.765020689674
2117,7949.4508275862145
2118,6897.082965517243
2119,9269.429634482747
2120,8280.383365517297
2121,6751.438034482755
2122,8024.837737931056
2123,10277.594627586135
2124,4999.509951724117
2125,8380.666193103441
2126,7971.643551724109
2127,9484.104510344816
2128,7795.168634482735
2129,6751.858855172429
2130,6680.797234482768
2131,15134.97817241382
2132,6207.353289655242
2133,10115.770441379298
2134,12083.039303448244
2135,9995.74271034484
2136,7005.007324137865
2137,13001.921882758601
2138,6406.080903448301
2139,5878.476393103478
2140,13692.247013793085
2141,6062.280951724145
2142,6680.797234482768
2143,8705.065793103444
2144,6207.353289655242
2145,13074.06463448269
2146,6676.661289655177
2147,7807.038496551736
2148,6307.903482758565
2149,6406.080903448301
2150,6062.280951724145
2151,7026.9771862068865
2152,6406.080903448301
2153,10532.875648275869
2154,10016.357986206964
2155,6393.365448275847
2156,11439.889041379298
2157,10628.498034482745
2158,6653.169537931052
2159,5527.36103448278
2160,19077.182917241345
2161,9104.459441379318
2162,8283.77814482761
2163,6656.878510344836
2164,8494.979855172396
2165,7394.573124137925
2166,12768.778951724158
2167,7079.648117241381
2168,10249.96705517244
2169,6674.669317241407
2170,9878.728358620669
2171,6284.172055172431
2172,16333.21639999992
2173,10370.647241379404
2174,6186.075924137941
2175,6331.889558620706
2176,7501.212117241424
2177,5103.68660689657
2178,5609.15857241382
2179,10691.180220689655
2180,6817.5138689655205
2181,5222.156999999997
2182,6603.541386206911
2183,8494.979855172396
2184,6931.628724137966
2185,12790.473089655188
2186,6406.080903448301
2187,6522.015441379358
2188,9484.104510344816
2189,5368.974572413801
2190,10803.663220689663
2191,5141.913903448287
2192,5565.891475862055
2193,10260.223096551676
2194,7386.672462068949
2195,8343.71022758624
2196,7708.566158620688
2197,8795.201668965456
2198,5609.15857241382
2199,15629.914862068968
2200,7027.624282758671
2201,7711.138420689596
2202,8322.837979310374
2203,9019.996827586212
2204,10065.650406896555
2205,6285.76864137932
2206,8494.979855172396
2207,8625.55315862069
2208,6632.16442758622
2209,6603.541386206911
2210,8127.472034482715
2211,9139.387489655175
2212,7027.624282758671
2213,8140.189441379301
2214,7861.752337931038
2215,5466.712689655199
2216,6957.904296551729
2217,7243.672075862062
2218,8596.116731034534
2219,5466.712689655199
2220,8380.666193103441
2221,6192.64118620696
2222,6680.797234482768
2223,5839.683400000055
2224,7253.384827586143
2225,8140.189441379301
2226,13136.105682758656
2227,9487.773337931065
2228,7513.726682758615
2229,10628.498034482745
2230,5781.851393103426
2231,7322.373068965529
2232,10016.357986206964
2233,6170.538200000029
2234,10397.696510344866
2235,14271.43911724129
2236,7291.487793103431
2237,13626.955131034536
2238,6023.204731034485
2239,6912.908744827586
2240,8705.065793103444
2241,7148.165351724135
2242,6200.247137931035
2243,8240.147786206877
2244,5815.910751724186
2245,12648.219813793068
2246,5720.271862068983
2247,7249.283331034452
2248,6892.361103448238
2249,11526.74753103441
2250,5368.974572413801
2251,7486.874944827554
2252,5922.890717241405
2253,8762.233241379325
2254,11248.906000000057
2255,5372.633772413752
2256,6454.452027586205
2257,8380.666193103441
2258,8071.690351724185
2259,7746.316793103446
2260,7640.160137931047
2261,6454.452027586205
2262,8895.974213793106
2263,9397.409455172472
2264,6062.280951724145
2265,6676.661289655177
2266,6805.974896551749
2267,12285.529993103411
2268,6256.141800000009
2269,5839.683400000055
2270,9012.790075862093
2271,5609.15857241382
2272,5512.662234482767
2273,7928.297544827546
2274,8140.189441379301
2275,12791.499682758553
2276,7093.646910344851
2277,6676.661289655177
2278,9974.70950344831
2279,8233.436158620669
2280,6722.34562068968
2281,10532.875648275869
2282,6285.76864137932
2283,6285.76864137932
2284,10178.022186206868
2285,8648.803379310299
2286,15379.646406896538
2287,4804.206296551698
2288,12336.596599999992
2289,7723.33776551723
2290,8449.7850137931
2291,5817.261393103487
2292,7217.60257931036
2293,14154.799944827595
2294,9139.387489655175
2295,11349.201979310368
2296,8534.313524137879
2297,11907.82139310348
2298,7835.529958620704
2299,11159.818510344758
2300,5904.012903448234
2301,6447.905841379324
2302,13048.352475861964
2303,16333.21639999992
2304,9901.174351724132
2305,16414.16547586205
2306,11167.649724137997
2307,7384.69595862071
2308,8280.383365517297
2309,7143.636965517232
2310,6873.57569655172
2311,9744.326110344824
2312,6679.97042068964
2313,7291.487793103431
2314,7928.297544827546
2315,10964.03970344829
2316,7783.770331034484
2317,19854.798917241435
2318,6343.329089655171
2319,12614.502765517196
2320,7243.672075862062
2321,7908.502986206919
2322,6980.055565517252
2323,13412.758013793109
2324,6418.864193103479
2325,10052.0274965517
2326,17218.93832413795
2327,7513.726682758615
2328,9974.70950344831
2329,6285.76864137932
2330,8883.421351724115
2331,14804.624758620766
2332,7650.495351724159
2333,9187.003882758663
2334,7026.9771862068865
2335,7361.921572413803
2336,12485.98428275866
2337,10038.433999999976
2338,7590.063786206941
2339,6665.121634482805
2340,5856.876600000033
2341,6348.636841379339
2342,7470.449441379298
2343,6062.280951724145
2344,10753.579489655176
2345,6679.867
2346,6856.139668965587
2347,6912.908744827586
2348,8738.78287586208
2349,8084.813965517227
2350,7079.648117241381
2351,9942.405944827615
2352,6988.740351724137
2353,7026.9771862068865
2354,9020.032482758566
2355,7322.373068965529
2356,9020.032482758566
2357,11683.985613793036
2358,7708.566158620688
2359,10503.176772413764
2360,11159.818510344758
2361,10708.294689655133
2362,7044.216110344839
2363,5407.136600000035
2364,8732.085110344808
2365,6996.304399999981
2366,5615.35362758624
2367,9353.499937931027
2368,7456.398331034502
2369,6256.141800000009
2370,8844.39900689651
2371,8861.359110344765
2372,8490.941089655154
2373,16467.887779310244
2374,5857.891351724181
2375,12456.88694482754
2376,14278.963572413799
2377,7321.145517241338
2378,6632.16442758622
2379,7124.204903448272
2380,10115.770441379298
2381,11981.897048275841
2382,6382.6948068965185
2383,7513.726682758615
2384,6817.5138689655205
2385,9180.867786206913
2386,5615.35362758624
2387,14993.401089655084
2388,14234.18265517238
2389,9353.499937931027
2390,6939.738758620703
2391,12366.52787586202
2392,9019.996827586212
2393,5609.15857241382
2394,11757.836558620593
2395,10010.762848275868
2396,8627.672758620647
2397,11113.814289655173
2398,7708.566158620688
2399,9077.071179310351
2400,9589.906655172446
2401,6418.864193103479
2402,8322.837979310374
2403,5327.618399999984
2404,10280.01080689656
2405,11539.350227586157
2406,6513.61257241377
2407,7897.646331034454
2408,15906.80342758622
2409,6701.717613793124
2410,6376.779379310363
2411,6743.423600000006
2412,11259.162510344788
2413,11294.256682758687
2414,7640.160137931047
2415,8883.421351724115
2416,17333.49648275859
2417,13022.051206896522
2418,9077.071179310351
2419,6355.972820689652
2420,9906.24359310346
2421,9269.429634482747
2422,15159.883510344782
2423,7897.646331034454
2424,10139.78753103453
2425,12414.30219310339
2426,8283.77814482761
2427,8397.009227586304
2428,15565.763537930918
2429,6653.169537931052
2430,15629.914862068968
2431,7723.33776551723
2432,7723.33776551723
2433,7928.297544827546
2434,5222.156999999997
2435,7640.761193103429
2436,14870.04777241379
2437,9477.454799999989
2438,6331.889558620706
2439,5922.890717241405
2440,9138.564565517237
2441,8140.189441379301
2442,12181.868255172429
2443,11329.941427586198
2444,7636.5154620689245
2445,9028.191248275853
2446,6939.738758620703
2447,10532.875648275869
2448,9185.73831034479
2449,6513.61257241377
2450,7949.4508275862145
2451,13901.89805517238
2452,16064.641082758702
2453,9480.339013793147
2454,11719.949882758558
2455,9980.085675862083
2456,7386.672462068949
2457,8299.1057793103
2458,9171.327910344846
2459,8627.888186206872
2460,14763.2975724139
2461,11357.752648275888
2462,10959.113137930975
2463,11504.961248275813
2464,7909.159668965518
2465,6751.858855172429
2466,12790.473089655188
2467,7766.764379310329
2468,11663.029758620638
2469,9139.387489655175
2470,9269.429634482747
2471,8283.77814482761
2472,10178.022186206868
2473,6324.11831034485
2474,6593.846255172452
2475,7486.874944827554
2476,12649.441089655194
2477,10159.644158620698
2478,11395.800241379258
2479,11405.849441379314
2480,8883.421351724115
2481,6256.141800000009
2482,6170.538200000029
2483,6830.264324137957
2484,10265.776620689645
2485,14278.963572413799
2486,8233.157262068964
2487,7079.648117241381
2488,4806.858151724088
2489,9108.580675862053
2490,6830.049841379326
2491,9525.655158620719
2492,5904.012903448234
2493,9269.429634482747
2494,10026.408062068998
2495,9180.867786206913
2496,9432.171620689634
2497,8345.964496551713
2498,9477.454799999989
2499,12068.831468965505
